<?xml version="1.0" encoding="UTF-8" ?>
<!DOCTYPE mapper PUBLIC "-//mybatis.org//DTD Mapper 3.0//EN" "http://mybatis.org/dtd/mybatis-3-mapper.dtd" >
<mapper namespace="com.lzhd.core.dao.ModuleMapper" >
  <resultMap id="BaseResultMap" type="com.lzhd.core.entity.Module" >
    <!--
      WARNING - @mbggenerated
      This element is automatically generated by MyBatis Generator, do not modify.
      This element was generated on Tue Feb 05 20:36:20 CST 2013.
    -->
    <id column="ID" property="id" jdbcType="CHAR" />
    <result column="NAME" property="name" jdbcType="VARCHAR" />
    <result column="DESCRIPTION" property="description" jdbcType="VARCHAR" />
    <result column="CREATOR" property="creator" jdbcType="CHAR" />
    <result column="CREATE_TIME" property="createTime" jdbcType="TIMESTAMP" />
    <result column="IS_DELETE" property="isDelete" jdbcType="DECIMAL" />
  </resultMap>
  <sql id="Base_Column_List" >
    <!--
      WARNING - @mbggenerated
      This element is automatically generated by MyBatis Generator, do not modify.
      This element was generated on Tue Feb 05 20:36:20 CST 2013.
    -->
    ID, NAME, DESCRIPTION, CREATOR, CREATE_TIME, IS_DELETE
  </sql>
  <select id="selectByPrimaryKey" resultMap="BaseResultMap" parameterType="java.lang.String" >
    <!--
      WARNING - @mbggenerated
      This element is automatically generated by MyBatis Generator, do not modify.
      This element was generated on Tue Feb 05 20:36:20 CST 2013.
    -->
    select 
    <include refid="Base_Column_List" />
    from MODULE
    where ID = #{id,jdbcType=CHAR}
  </select>
  <delete id="deleteByPrimaryKey" parameterType="java.lang.String" >
    <!--
      WARNING - @mbggenerated
      This element is automatically generated by MyBatis Generator, do not modify.
      This element was generated on Tue Feb 05 20:36:20 CST 2013.
    -->
    delete from MODULE
    where ID = #{id,jdbcType=CHAR}
  </delete>
  <insert id="insert" parameterType="com.lzhd.core.entity.Module" >
    <!--
      WARNING - @mbggenerated
      This element is automatically generated by MyBatis Generator, do not modify.
      This element was generated on Tue Feb 05 20:36:20 CST 2013.
    -->
    <selectKey resultType="java.lang.String" keyProperty="id" order="BEFORE" >
      SELECT SYS_GUID() FROM DUAL
    </selectKey>
    insert into MODULE (ID, NAME, DESCRIPTION, 
      CREATOR, CREATE_TIME, IS_DELETE
      )
    values (#{id,jdbcType=CHAR}, #{name,jdbcType=VARCHAR}, #{description,jdbcType=VARCHAR}, 
      #{creator,jdbcType=CHAR}, #{createTime,jdbcType=TIMESTAMP}, #{isDelete,jdbcType=DECIMAL}
      )
  </insert>
  <insert id="insertSelective" parameterType="com.lzhd.core.entity.Module" >
    <!--
      WARNING - @mbggenerated
      This element is automatically generated by MyBatis Generator, do not modify.
      This element was generated on Tue Feb 05 20:36:20 CST 2013.
    -->
    <selectKey resultType="java.lang.String" keyProperty="id" order="BEFORE" >
      SELECT SYS_GUID() FROM DUAL
    </selectKey>
    insert into MODULE
    <trim prefix="(" suffix=")" suffixOverrides="," >
      ID,
      <if test="name != null" >
        NAME,
      </if>
      <if test="description != null" >
        DESCRIPTION,
      </if>
      <if test="creator != null" >
        CREATOR,
      </if>
      <if test="createTime != null" >
        CREATE_TIME,
      </if>
      <if test="isDelete != null" >
        IS_DELETE,
      </if>
    </trim>
    <trim prefix="values (" suffix=")" suffixOverrides="," >
      #{id,jdbcType=CHAR},
      <if test="name != null" >
        #{name,jdbcType=VARCHAR},
      </if>
      <if test="description != null" >
        #{description,jdbcType=VARCHAR},
      </if>
      <if test="creator != null" >
        #{creator,jdbcType=CHAR},
      </if>
      <if test="createTime != null" >
        #{createTime,jdbcType=TIMESTAMP},
      </if>
      <if test="isDelete != null" >
        #{isDelete,jdbcType=DECIMAL},
      </if>
    </trim>
  </insert>
  <update id="updateByPrimaryKeySelective" parameterType="com.lzhd.core.entity.Module" >
    <!--
      WARNING - @mbggenerated
      This element is automatically generated by MyBatis Generator, do not modify.
      This element was generated on Tue Feb 05 20:36:20 CST 2013.
    -->
    update MODULE
    <set >
      <if test="name != null" >
        NAME = #{name,jdbcType=VARCHAR},
      </if>
      <if test="description != null" >
        DESCRIPTION = #{description,jdbcType=VARCHAR},
      </if>
      <if test="creator != null" >
        CREATOR = #{creator,jdbcType=CHAR},
      </if>
      <if test="createTime != null" >
        CREATE_TIME = #{createTime,jdbcType=TIMESTAMP},
      </if>
      <if test="isDelete != null" >
        IS_DELETE = #{isDelete,jdbcType=DECIMAL},
      </if>
    </set>
    where ID = #{id,jdbcType=CHAR}
  </update>
  <update id="updateByPrimaryKey" parameterType="com.lzhd.core.entity.Module" >
    <!--
      WARNING - @mbggenerated
      This element is automatically generated by MyBatis Generator, do not modify.
      This element was generated on Tue Feb 05 20:36:20 CST 2013.
    -->
    update MODULE
    set NAME = #{name,jdbcType=VARCHAR},
      DESCRIPTION = #{description,jdbcType=VARCHAR},
      CREATOR = #{creator,jdbcType=CHAR},
      CREATE_TIME = #{createTime,jdbcType=TIMESTAMP},
      IS_DELETE = #{isDelete,jdbcType=DECIMAL}
    where ID = #{id,jdbcType=CHAR}
  </update>
</mapper>