<?xml version="1.0" encoding="UTF-8"?>
<!DOCTYPE generatorConfiguration
  PUBLIC "-//mybatis.org//DTD MyBatis Generator Configuration 1.0//EN"
  "http://mybatis.org/dtd/mybatis-generator-config_1_0.dtd">

<generatorConfiguration>
  <classPathEntry location="F:\mybatis-generator-core-1.3.2\lib\sqljdbc4.jar" />

  <context id="DB2Tables" targetRuntime="MyBatis3">
    <jdbcConnection driverClass="com.microsoft.sqlserver.jdbc.SQLServerDriver"
        connectionURL="jdbc:sqlserver://192.168.2.110:1433;DatabaseName=SixHundredMilesWebPro"
        userId="sa"
        password="Qtest!234">
    </jdbcConnection>

    <javaTypeResolver >
      <property name="forceBigDecimals" value="false" />
    </javaTypeResolver>

    <javaModelGenerator targetPackage="org.elongcom.integratedplatform.review.dao.model" targetProject="F:\mybatis-generator-core-1.3.2\lib">
      <property name="enableSubPackages" value="false" />
      <property name="trimStrings" value="true" />
    </javaModelGenerator>

    <sqlMapGenerator targetPackage="org.elongcom.integratedplatform.review.dao.xml"  targetProject="F:\mybatis-generator-core-1.3.2\lib">
      <property name="enableSubPackages" value="false" />
    </sqlMapGenerator>

    <javaClientGenerator type="XMLMAPPER" targetPackage="org.elongcom.integratedplatform.review.dao.mapper"  targetProject="F:\mybatis-generator-core-1.3.2\lib">
      <property name="enableSubPackages" value="false" />
    </javaClientGenerator>

    <table schema="dbo" tableName="shm_review" domainObjectName="Review" >
      <property name="useActualColumnNames" value="false"/>
      <generatedKey column="ID" sqlStatement="SQLSERVER" identity="true" />

    </table>

  </context>
</generatorConfiguration>
