<?xml version="1.0" encoding="UTF-8"?>
<!DOCTYPE generatorConfiguration
  PUBLIC "-//mybatis.org//DTD MyBatis Generator Configuration 1.0//EN"
  "http://mybatis.org/dtd/mybatis-generator-config_1_0.dtd">

<generatorConfiguration>
	<classPathEntry location="F:\mybatis-generator-core-1.3.2\lib\mysql-connector-5.1.8.jar" />
	<context id="sysGenerator" targetRuntime="MyBatis3">

		

		<jdbcConnection driverClass="com.mysql.jdbc.Driver"
			connectionURL="jdbc:mysql://localhost:3306/solidbase_db" 
			userId="root" password="root">
		</jdbcConnection>

		<javaModelGenerator targetPackage="com.lzhd.core.entity"
			targetProject="F:\mybatis-generator-core-1.3.2\lib">
			<property name="enableSubPackages" value="true" />
			<property name="trimStrings" value="true" />
		</javaModelGenerator>

		<sqlMapGenerator targetPackage="com.lzhd.core.entity.mapper"
			targetProject="F:\mybatis-generator-core-1.3.2\lib">
			<property name="enableSubPackages" value="true" />
		</sqlMapGenerator>

		<javaClientGenerator type="XMLMAPPER"
			targetPackage="com.lzhd.core.dao" targetProject="F:\mybatis-generator-core-1.3.2\lib">
			<property name="enableSubPackages" value="true" />
		</javaClientGenerator>

		<table tableName="t_user" domainObjectName="User" enableCountByExample="false"
			enableUpdateByExample="false" enableDeleteByExample="false"
			enableSelectByExample="false" selectByExampleQueryId="false">
			<generatedKey column="ID" sqlStatement="MYSQL" identity="true" />
		</table>
	</context>
</generatorConfiguration>
